roll_mean_aqi_7,roll_mean_aqi_30,roll_std_aqi_7,roll_trend_aqi_7,roll_trend_aqi_30,roll_aqi_momentum,roll_episode_flag,roll_mean_pm25_7,roll_mean_pm10_7,roll_std_pm25_7,lag_aqi_1,lag_aqi_7,lag_aqi_14,lag_aqi_30,lag_pm25_1,lag_pm25_7,lag_pm10_1,lag_co_1,lag_no2_1,lag_temperature_1,lag_wind_speed_1,pm25,pm10,co,no2,o3,so2,nh3,temperature,humidity,wind_speed,pressure,sin_month,cos_month,sin_day_of_year,cos_day_of_year,sin_day_of_week,cos_day_of_week,season_Winter,season_Monsoon,season_Summer,season_Spring,year,quarter,is_weekend,is_covid_lockdown,is_diwali,is_stubble_burning,aqi_saturated,station_encoded,station_season_mean_winter,interact_pm25_humidity,interact_pm25_pm10_ratio,interact_co_pm25,interact_pm10_wind_accum,interact_temp_o3,interact_lag_aqi1_winter,interact_wind_speed_sq,interact_pm25_stubble
152.0,215.06666666666663,20.016659728005223,-7.214285714285714,-5.498998887652948,-9.6667,0,74.54285714285716,163.07142857142858,6.315023658651753,135.0,190.0,215.0,281.0,70.5,87.1,139.3,1.18,37.5,33.4,10.2,66.3,151.4,0.8,36.5,73.6,12.9,23.9,33.5,49.5,10.5,1003.5,0.5,-0.866025,0.546711,-0.837321,-0.781831,0.62349,0,0,1,0,2022,2,1,0,0,0,0,1,389.2033,32.8185,0.4379,53.04,13.1652,24.656,0.0,110.25,0.0
317.1428571428572,322.9,13.171036044149224,4.464285714285714,-0.5902113459399333,6.8571,1,142.9,234.6428571428572,17.260552327972476,344.0,300.0,305.0,332.0,178.0,120.3,220.4,2.15,40.6,18.0,6.6,138.3,245.5,2.05,34.2,43.8,13.3,16.8,17.2,72.8,9.3,1022.9,1.0,0.0,0.969843,0.24373,0.781831,0.62349,0,0,0,1,2020,1,0,0,0,0,0,0,405.8392,100.6824,0.5633,283.515,23.835,7.5336,0.0,86.49,0.0
366.8571428571428,348.6333333333333,16.43602315473022,-0.6428571428571429,1.411123470522803,-8.5238,1,207.6142857142857,324.6,21.515376561228983,382.0,359.0,361.0,320.0,226.9,197.6,305.9,3.03,66.2,23.4,7.3,244.6,248.4,3.31,62.5,27.8,16.4,24.1,24.3,69.3,8.4,1021.1,-0.866025,0.5,-0.885725,0.46421,-0.781831,0.62349,0,0,0,0,2017,4,1,0,1,1,0,0,405.8392,169.5078,0.9847,809.626,26.4255,6.7554,0.0,70.56,244.6
169.71428571428572,133.56666666666666,20.814372323905847,-0.5357142857142857,2.747719688542826,-0.381,0,81.0,129.75714285714287,6.269502904256316,181.0,177.0,109.0,100.0,84.3,83.3,129.1,1.2,48.7,36.9,7.8,89.4,122.7,1.0,43.7,39.4,12.7,21.3,36.7,85.4,6.8,1006.2,-1.0,-0.0,-0.935835,-0.352439,-0.974928,-0.222521,0,1,0,0,2022,3,1,0,0,0,0,1,389.2033,76.3476,0.7286,89.4,15.7308,14.4598,0.0,46.24,0.0
369.4285714285714,348.56666666666666,15.00952078801036,4.821428571428571,1.4560622914349275,10.2381,1,210.92857142857144,307.95714285714286,19.51424388198584,386.0,358.0,357.0,313.0,232.2,196.0,310.8,3.18,68.3,13.6,3.1,263.5,372.1,3.58,63.6,28.5,14.7,31.1,11.6,82.3,2.2,1034.7,0.5,0.866025,0.051584,0.998669,-0.781831,0.62349,1,0,0,0,2021,1,1,1,0,0,0,1,389.2033,216.8605,0.7081,943.33,116.2812,3.306,386.0,4.84,0.0
91.71428571428572,82.33333333333333,8.280786712143058,2.0357142857142856,0.7942157953281423,6.2857,0,53.51428571428572,88.52857142857142,5.800123151401202,99.0,88.0,88.0,85.0,59.8,52.2,91.2,0.34,41.4,36.0,10.1,50.4,92.0,0.96,46.9,31.0,14.0,17.2,40.8,71.1,13.0,1002.1,-0.866025,-0.5,-0.666089,-0.745872,-0.781831,0.62349,0,1,0,0,2023,3,1,0,0,0,0,0,405.8392,35.8344,0.5478,48.384,6.5714,12.648,0.0,169.0,0.0
428.8571428571428,413.6333333333333,25.54361349684384,8.178571428571429,1.9090100111234705,19.4762,1,263.7285714285714,433.3857142857143,29.368050343059625,474.0,408.0,443.0,352.0,269.4,262.6,504.7,3.8,66.0,18.2,0.8,265.2,470.4,3.69,63.3,30.3,13.8,23.6,14.6,76.4,6.9,1032.3,-0.0,1.0,-0.275913,0.961183,-0.974928,-0.222521,1,0,0,0,2018,4,1,0,0,0,0,0,405.8392,202.6128,0.5638,978.588,59.5443,4.4238,474.0,47.61,0.0
449.4285714285714,420.1,27.69390512283164,-7.892857142857143,2.24182424916574,-26.0952,1,279.9,463.9285714285714,35.02127924562461,417.0,454.0,413.0,408.0,276.8,331.3,420.0,3.79,70.9,15.8,4.7,304.7,467.3,3.9,80.5,32.0,13.6,34.5,11.8,82.1,5.1,1035.2,-0.0,1.0,-0.124395,0.992233,-0.433884,-0.900969,1,0,0,0,2016,4,0,0,0,0,0,1,389.2033,250.1587,0.652,1188.33,76.6066,3.776,417.0,26.01,0.0
314.1428571428572,276.1,15.431877952565443,1.25,4.353058954393771,5.5238,1,140.67142857142855,201.82857142857145,16.15102827332373,333.0,321.0,290.0,201.0,163.1,147.5,223.5,1.73,47.3,29.6,11.8,135.9,291.5,2.0,55.1,40.2,17.9,25.1,31.9,67.0,5.4,1013.6,-0.866025,0.5,-0.999833,0.018277,0.781831,0.62349,0,0,0,0,2018,4,0,0,0,1,0,0,405.8392,91.053,0.4662,271.8,45.5469,12.8238,0.0,29.16,135.9
318.2857142857143,287.93333333333334,9.050124966249928,1.5357142857142858,3.15417130144605,6.381,1,144.5857142857143,214.8142857142857,11.747968416055237,325.0,313.0,300.0,277.0,152.9,137.5,167.0,2.29,38.2,19.6,6.4,143.2,250.3,2.15,38.8,27.4,10.0,18.9,20.0,70.1,7.0,1025.9,-0.5,0.866025,-0.737943,0.674863,0.433884,-0.900969,1,0,0,0,2020,4,0,1,0,1,0,1,389.2033,100.3832,0.5721,307.88,31.2875,5.48,325.0,49.0,143.2
469.8571428571428,433.9333333333333,19.28236302452267,6.428571428571429,2.536596218020021,15.4762,1,302.90000000000003,498.6142857142857,37.726029917464736,475.0,440.0,416.0,368.0,245.0,310.8,505.9,4.26,68.1,15.8,2.4,297.5,457.8,4.62,79.9,38.2,18.4,39.2,15.2,78.6,5.4,1031.7,-0.0,1.0,-0.325128,0.94567,0.781831,0.62349,1,0,0,0,2017,4,0,0,0,0,0,0,405.8392,233.835,0.6498,1374.45,71.5312,5.8064,475.0,29.16,0.0
179.85714285714286,220.0,30.63999875668164,-5.75,-3.595550611790878,-11.5238,0,84.04285714285713,155.08571428571426,9.225843618674904,146.0,201.0,178.0,207.0,74.0,90.3,110.2,0.96,49.2,33.3,13.6,76.1,93.0,1.18,44.5,81.9,22.3,20.0,34.5,46.2,6.8,998.9,0.0,-1.0,0.331221,-0.943553,-0.433884,-0.900969,0,0,1,0,2015,2,0,0,0,0,0,0,405.8392,35.1582,0.8183,89.798,11.9231,28.2555,0.0,46.24,0.0
164.71428571428572,219.3333333333333,21.76935373190253,-5.392857142857143,-5.1626251390433815,-4.7143,0,78.8,154.45714285714286,7.332121111917937,147.0,211.0,270.0,257.0,74.2,93.6,132.3,1.33,25.5,32.7,8.9,72.9,165.8,0.88,35.5,74.7,6.8,14.3,31.3,39.4,12.0,1005.3,0.5,-0.866025,0.742281,-0.670089,0.974928,-0.222521,0,0,1,0,2020,2,0,1,0,0,0,1,389.2033,28.7226,0.4397,64.152,12.7538,23.3811,0.0,144.0,0.0
359.42857142857144,346.46666666666664,32.248292682750495,8.785714285714286,1.1719688542825362,22.2381,1,198.2428571428572,318.75714285714287,42.47092562930058,396.0,355.0,363.0,321.0,245.9,192.3,397.6,3.34,61.1,11.9,3.7,245.9,393.4,3.47,59.2,27.9,12.9,18.5,13.7,76.4,6.3,1033.5,0.5,0.866025,0.051584,0.998669,-0.781831,0.62349,1,0,0,0,2021,1,1,1,0,0,0,0,405.8392,187.8676,0.6251,853.273,53.8904,3.8223,396.0,39.69,0.0
244.42857142857144,282.3333333333333,44.50040128230235,-3.9642857142857135,-2.967296996662959,-15.7619,0,102.87142857142858,209.75714285714284,14.178236172119044,225.0,190.0,306.0,319.0,97.6,83.2,186.2,1.66,41.7,28.9,8.7,121.0,219.4,1.78,36.9,63.4,13.8,17.6,30.1,36.7,10.7,1007.3,0.5,-0.866025,0.827189,-0.561923,-0.974928,-0.222521,0,0,1,0,2023,2,1,0,0,0,0,0,405.8392,44.407,0.5515,215.38,18.7521,19.0834,0.0,114.49,0.0
445.4285714285714,471.4,43.26221269906503,-11.357142857142858,-0.8889877641824249,-27.4286,1,270.6,479.4857142857143,26.36386415784528,385.0,446.0,498.0,500.0,230.8,293.5,395.7,4.05,76.7,14.2,5.2,296.3,451.7,3.9,76.5,37.6,18.8,25.3,11.2,75.3,10.0,1031.1,0.866025,0.5,0.686676,0.726964,-0.974928,-0.222521,1,0,0,0,2016,1,1,0,0,0,0,0,405.8392,223.1139,0.656,1155.57,41.0636,4.2112,385.0,100.0,0.0
383.7142857142857,389.3333333333333,25.66914026423017,2.107142857142857,-0.0035595105672969,9.9524,1,212.8428571428572,372.2142857142857,43.91460869850601,413.0,402.0,366.0,397.0,270.3,164.6,312.6,3.01,47.3,15.3,4.7,243.7,396.2,3.33,43.9,32.0,11.8,22.7,11.7,77.4,2.4,1027.3,0.866025,0.5,0.674069,0.738668,-0.974928,-0.222521,1,0,0,0,2022,1,1,0,0,0,0,0,405.8392,188.6238,0.6151,811.521,116.5294,3.744,413.0,5.76,0.0
156.42857142857142,199.7,29.35902554500513,-1.3571428571428572,-4.601779755283649,-4.4286,0,76.58571428571429,129.05714285714285,9.451354148379044,152.0,170.0,180.0,295.0,75.6,81.0,120.4,0.95,43.3,36.0,11.1,77.9,126.8,0.93,48.4,78.3,12.0,26.1,37.2,48.2,11.2,998.3,0.0,-1.0,0.265563,-0.964094,0.781831,0.62349,0,0,1,0,2015,2,0,0,0,0,0,1,389.2033,37.5478,0.6144,72.447,10.3934,29.1276,0.0,125.44,0.0
96.42857142857144,84.36666666666666,5.349677337897407,1.25,0.9595105672969968,0.9048,0,57.02857142857143,89.14285714285714,3.971026015910777,105.0,89.0,91.0,67.0,61.6,53.5,86.8,0.91,36.6,37.9,11.5,62.2,113.7,0.53,37.2,33.3,12.4,20.2,38.9,76.1,14.0,1002.2,-0.866025,-0.5,-0.703677,-0.71052,0.974928,-0.222521,0,1,0,0,2023,3,0,0,0,0,0,0,405.8392,47.3342,0.5471,32.966,7.58,12.9537,0.0,196.0,0.0
163.0,130.4,23.91652148620452,1.6785714285714286,2.7274749721913234,-2.0,0,79.01428571428572,126.05714285714284,7.184573420733179,142.0,134.0,139.0,86.0,72.6,70.4,132.1,1.59,55.0,36.8,8.2,84.3,129.1,1.2,48.7,30.4,7.2,20.6,36.9,79.7,7.8,1006.5,-1.0,-0.0,-0.929634,-0.368484,-0.433884,-0.900969,0,1,0,0,2022,3,0,0,0,0,0,1,389.2033,67.1871,0.653,101.16,14.6705,11.2176,0.0,60.84,0.0
150.42857142857142,198.9333333333333,12.726051271025828,-3.5,-4.021802002224695,-10.7619,0,68.94285714285714,173.35714285714286,5.516296203932382,139.0,150.0,188.0,224.0,71.1,64.0,159.6,1.2,36.9,31.9,9.3,67.5,143.4,1.02,35.4,66.9,18.6,20.8,34.4,37.0,9.5,1003.1,0.5,-0.866025,0.532227,-0.846602,0.0,1.0,0,0,1,0,2022,2,0,0,0,0,0,0,405.8392,24.975,0.4707,68.85,13.6571,23.0136,0.0,90.25,0.0
309.1428571428572,314.96666666666664,12.047524938464276,2.2857142857142856,-0.6115684093437153,4.1905,1,133.82857142857142,246.9,13.04846278119504,308.0,300.0,331.0,321.0,131.2,121.2,217.9,1.78,55.5,26.6,7.2,131.2,258.1,1.83,44.4,55.2,12.5,17.6,24.3,66.6,10.2,1010.8,0.866025,-0.5,0.954067,-0.299595,0.974928,-0.222521,0,0,0,1,2023,2,0,0,0,0,0,1,389.2033,87.3792,0.5083,240.096,23.0446,13.4136,0.0,104.04,0.0
155.85714285714286,194.8333333333333,17.827213012963377,-1.0,-3.4889877641824247,3.1429,0,74.77142857142857,142.82857142857142,8.315991479404563,148.0,145.0,212.0,248.0,74.5,67.9,108.7,0.78,39.9,34.9,12.7,66.3,101.4,1.14,47.0,69.3,11.6,22.0,36.3,46.7,11.0,1001.7,0.0,-1.0,0.331221,-0.943553,0.974928,-0.222521,0,0,1,0,2019,2,0,0,0,0,0,1,389.2033,30.9621,0.6538,75.582,8.45,25.1559,0.0,121.0,0.0
429.0,435.56666666666666,29.877527787062053,-11.892857142857142,-0.8175750834260289,-17.6667,1,275.0857142857143,432.4142857142857,29.45467866465529,387.0,484.0,500.0,490.0,233.3,241.1,390.0,4.08,68.5,9.5,5.7,270.9,452.9,3.79,62.2,26.0,10.5,32.6,9.0,79.1,6.1,1032.5,0.866025,0.5,0.699079,0.715044,0.781831,0.62349,1,0,0,0,2017,1,0,0,0,0,0,1,389.2033,214.2819,0.5981,1026.711,63.7887,2.34,387.0,37.21,0.0
410.8571428571428,389.1,24.32713554468558,3.678571428571429,1.7546162402669634,15.1429,1,250.01428571428573,409.54285714285714,14.133698333112571,406.0,422.0,376.0,379.0,259.2,264.8,400.6,3.36,61.2,14.2,5.1,199.6,428.2,3.24,66.6,31.7,14.7,28.5,17.2,80.2,3.6,1028.8,-0.0,1.0,-0.405165,0.914244,0.781831,0.62349,1,0,0,0,2016,4,0,0,0,0,0,1,389.2033,160.0792,0.4661,646.704,93.087,5.4524,406.0,12.96,0.0
355.7142857142857,362.6333333333333,20.41824580870772,0.4642857142857143,-0.3695216907675194,-0.381,1,192.92857142857144,312.9,26.53926112295264,346.0,339.0,359.0,353.0,180.5,171.3,322.6,2.37,53.1,15.4,7.8,192.7,303.1,2.95,67.9,41.6,10.5,25.0,13.6,77.7,6.4,1034.1,0.5,0.866025,0.447945,0.894061,-0.433884,-0.900969,1,0,0,0,2023,1,0,0,0,0,0,1,389.2033,149.7279,0.6358,568.465,40.9595,5.6576,346.0,40.96,0.0
328.57142857142856,319.4,16.63186843439731,4.25,1.4482758620689655,11.4286,1,157.45714285714286,277.38571428571424,21.49146009797541,348.0,320.0,321.0,312.0,182.6,146.2,271.5,2.29,55.1,21.7,2.8,162.8,266.1,2.24,57.1,39.3,12.4,21.8,24.6,70.9,4.7,1020.6,-0.866025,0.5,-0.877609,0.479378,-0.974928,-0.222521,0,0,0,0,2021,4,1,0,1,1,0,0,405.8392,115.4252,0.6118,364.672,46.6842,9.6678,0.0,22.09,162.8
122.42857142857144,102.8,16.721813526620267,-4.035714285714286,1.4963292547274751,-11.4286,0,64.48571428571428,103.58571428571427,7.743261279195615,102.0,132.0,102.0,80.0,60.8,69.8,97.0,0.57,50.9,36.5,12.5,71.6,96.5,0.94,36.8,30.9,14.6,22.3,38.2,79.1,10.9,1004.6,-0.866025,-0.5,-0.794497,-0.607268,0.781831,0.62349,0,1,0,0,2021,3,0,0,0,0,0,1,389.2033,56.6356,0.742,67.304,8.1092,11.8038,0.0,118.81,0.0
362.8571428571428,381.6,18.88057706946721,-1.9285714285714288,-1.3904338153503892,2.8095,1,202.4,344.9857142857142,24.605080776131047,358.0,393.0,414.0,404.0,195.6,241.7,337.1,2.72,59.3,18.7,6.4,182.5,390.4,3.2,54.0,40.7,11.9,24.5,22.5,75.9,10.8,1020.2,0.866025,-0.5,0.999986,0.005376,-0.974928,-0.222521,0,0,0,1,2017,2,1,0,0,0,0,1,389.2033,138.5175,0.4675,584.0,33.0847,9.1575,0.0,116.64,0.0
63.85714285714285,73.3,2.91138978429488,-0.5357142857142857,-0.9902113459399332,-0.5238,0,35.52857142857143,61.57142857142857,3.92586053651746,59.0,64.0,67.0,91.0,35.2,38.7,59.6,0.36,38.9,35.1,11.0,36.6,66.2,0.74,27.0,40.3,5.9,20.6,40.9,60.6,11.5,998.5,-0.5,-0.866025,-0.160575,-0.987024,-0.433884,-0.900969,0,1,0,0,2020,3,0,1,0,0,0,1,389.2033,22.1796,0.5529,27.084,5.296,16.4827,0.0,132.25,0.0
307.85714285714283,267.56666666666666,10.106574946183477,0.6071428571428571,4.267630700778643,1.4762,1,132.05714285714285,210.3142857142857,11.41371355619451,320.0,309.0,283.0,223.0,146.4,132.6,206.3,1.65,56.7,32.3,9.1,148.9,263.6,1.3,55.5,18.9,15.9,25.7,29.3,69.7,8.6,1010.3,-1.0,-0.0,-0.998724,-0.050511,0.0,1.0,0,1,0,0,2015,3,0,0,0,0,0,1,389.2033,103.7833,0.5649,193.57,27.4583,5.5377,0.0,73.96,0.0
99.14285714285714,103.0,8.414839499929235,0.4285714285714285,-0.2091212458286985,-0.8095,0,55.771428571428565,101.32857142857142,3.289738736198763,112.0,96.0,91.0,124.0,59.4,58.1,118.5,0.33,41.3,43.1,10.1,47.1,97.4,1.2,49.7,30.4,18.9,23.2,39.9,72.0,10.2,998.2,-0.5,-0.866025,-0.453703,-0.891153,0.433884,-0.900969,0,1,0,0,2016,3,0,0,0,0,0,0,405.8392,33.912,0.4836,56.52,8.6964,12.1296,0.0,104.04,0.0
143.14285714285714,188.76666666666668,18.26133046841458,3.607142857142857,-4.131479421579533,3.1905,0,70.17142857142856,150.54285714285717,6.10429201073936,174.0,136.0,148.0,186.0,82.4,69.6,129.0,0.73,32.1,37.5,8.3,54.6,151.3,0.67,35.9,89.7,12.4,20.6,34.9,48.2,11.7,1004.1,0.0,-1.0,0.472759,-0.881192,-0.974928,-0.222521,0,0,1,0,2023,2,1,0,0,0,0,0,405.8392,26.3172,0.3609,36.582,11.9134,31.3053,0.0,136.89,0.0
323.7142857142857,302.76666666666665,22.8160344620072,3.4285714285714284,2.4162402669632925,5.619,1,155.07142857142858,250.0428571428572,19.86451730143626,329.0,330.0,330.0,221.0,158.6,159.6,307.6,2.27,52.3,21.1,6.6,154.0,256.4,2.52,50.8,28.7,8.4,20.0,22.5,70.5,9.4,1020.5,-0.5,0.866025,-0.8606,0.509282,0.974928,-0.222521,1,0,0,0,2023,4,0,0,1,1,0,0,405.8392,108.57,0.6006,388.08,24.6538,6.4575,329.0,88.36,154.0
333.85714285714283,349.1333333333333,20.13643936936709,-9.035714285714286,-1.523025583982202,-17.1905,1,158.45714285714286,322.2857142857143,25.618929013710343,301.0,360.0,358.0,375.0,122.4,198.0,342.7,2.61,44.5,23.8,9.5,149.8,300.1,2.37,74.9,54.9,17.6,23.5,22.9,66.0,7.5,1013.5,0.866025,-0.5,0.954067,-0.299595,0.433884,-0.900969,0,0,0,1,2018,2,0,0,0,0,0,0,405.8392,98.868,0.4992,355.026,35.3059,12.5721,0.0,56.25,0.0
112.28571428571428,106.6,21.921939434536576,3.107142857142857,0.879199110122358,3.7143,0,60.81428571428571,100.87142857142857,9.149577143484075,143.0,93.0,110.0,94.0,72.9,56.3,103.1,0.94,42.7,42.1,10.3,66.4,97.7,0.85,39.5,31.7,13.3,18.2,37.6,77.6,10.9,1002.2,-0.866025,-0.5,-0.703677,-0.71052,-0.433884,-0.900969,0,1,0,0,2019,3,0,0,0,0,0,1,389.2033,51.5264,0.6796,56.44,8.2101,11.9192,0.0,118.81,0.0
341.2857142857143,340.06666666666666,16.710418763098026,-0.2857142857142857,-0.1744160177975528,-2.9524,1,174.37142857142857,284.8285714285715,21.42099548617988,315.0,331.0,352.0,335.0,140.5,161.1,318.7,2.3,56.1,10.6,3.2,183.9,235.2,2.89,49.6,28.0,7.8,23.4,11.8,78.2,4.5,1029.6,0.866025,0.5,0.686676,0.726964,0.433884,-0.900969,1,0,0,0,2020,1,0,0,0,0,0,1,389.2033,143.8098,0.7819,531.471,42.7636,3.304,315.0,20.25,0.0
321.85714285714283,296.53333333333336,4.980915960902992,1.3928571428571428,2.7822024471635154,3.8095,1,149.02857142857144,245.8571428571429,6.456447497326397,323.0,320.0,319.0,206.0,150.0,147.1,264.4,2.17,62.8,29.0,5.2,154.3,301.9,2.27,62.4,34.0,18.5,20.6,27.4,70.8,8.8,1018.4,-0.866025,0.5,-0.941034,0.338313,-0.433884,-0.900969,0,0,0,0,2022,4,0,0,1,1,0,0,405.8392,109.2444,0.5111,350.261,30.8061,9.316,0.0,77.44,154.3
448.7142857142857,437.6666666666667,44.727747859371945,-8.0,1.1595105672969968,-15.0476,1,270.15714285714284,482.5285714285714,29.215912168021497,379.0,500.0,446.0,459.0,223.3,271.5,382.6,3.89,68.9,18.3,3.8,262.1,479.7,3.68,77.6,29.6,15.5,29.5,15.0,84.4,8.4,1030.1,-0.0,1.0,-0.308812,0.951123,0.0,1.0,1,0,0,0,2016,4,0,0,0,0,0,0,405.8392,221.2124,0.5464,964.528,51.0319,4.44,379.0,70.56,0.0
65.0,67.9,6.350852961078517,-0.8928571428571429,-0.5043381535038932,-3.3333,0,38.24285714285714,58.385714285714286,5.00728041382377,66.0,71.0,66.0,95.0,40.0,43.1,53.2,0.57,22.7,40.2,11.4,33.6,51.3,0.63,32.2,26.4,10.5,19.1,38.8,72.4,11.4,997.5,-0.5,-0.866025,-0.310857,-0.950457,-0.781831,0.62349,0,1,0,0,2020,3,1,1,0,0,0,1,389.2033,24.3264,0.655,21.168,4.1371,10.2432,0.0,129.96,0.0
387.0,386.76666666666665,15.13274595041851,5.5,-0.4562847608453838,11.6667,1,229.82857142857145,366.61428571428576,19.29384308406261,412.0,374.0,338.0,404.0,268.4,216.7,368.9,3.22,45.2,12.1,4.9,237.5,375.9,3.06,54.8,26.9,14.9,20.4,12.8,78.0,2.2,1030.0,0.5,0.866025,0.432499,0.901634,0.433884,-0.900969,1,0,0,0,2023,1,0,0,0,0,0,0,405.8392,185.25,0.6318,726.75,117.4687,3.4432,412.0,4.84,0.0
227.1428571428572,174.5,33.48844861256084,8.678571428571429,3.944160177975528,16.5238,0,98.27142857142856,156.05714285714288,10.035721911539955,207.0,192.0,161.0,129.0,92.3,87.8,169.5,1.3,51.0,38.9,12.6,119.4,184.4,1.6,61.5,38.3,17.2,33.9,37.0,78.3,11.7,1004.8,-1.0,-0.0,-0.902099,-0.43153,-0.974928,-0.222521,0,1,0,0,2015,3,1,0,0,0,0,0,405.8392,93.4902,0.6475,191.04,14.5197,14.171,0.0,136.89,0.0
151.28571428571428,202.76666666666668,29.072978781647706,-4.642857142857143,-4.48476084538376,-17.9524,0,75.44285714285715,112.11428571428571,8.729997545413102,148.0,144.0,219.0,267.0,74.4,73.2,144.8,1.11,57.5,39.9,11.7,71.3,109.1,1.35,53.6,70.6,19.7,20.7,35.6,43.2,10.0,999.7,0.0,-1.0,0.232243,-0.972658,-0.433884,-0.900969,0,0,1,0,2016,2,0,0,0,0,0,0,405.8392,30.8016,0.6535,96.255,9.9182,25.1336,0.0,100.0,0.0
403.0,379.76666666666665,13.988090172234935,-2.4642857142857144,1.6335928809788651,-8.0,1,249.5428571428572,365.0571428571429,13.88090500686059,397.0,403.0,382.0,359.0,246.4,255.9,287.4,3.44,68.4,18.0,5.8,311.7,427.8,3.54,69.0,35.2,14.7,28.2,16.5,77.0,1.2,1028.7,-0.5,0.866025,-0.555682,0.831395,0.781831,0.62349,1,0,0,0,2018,4,0,0,0,1,0,1,389.2033,240.009,0.7286,1103.418,194.4545,5.808,397.0,1.44,311.7
319.57142857142856,335.03333333333336,12.340409810281423,-2.857142857142857,-1.498776418242492,-8.9048,1,145.87142857142857,278.24285714285713,15.97964479014109,309.0,323.0,337.0,357.0,131.8,150.5,229.0,1.73,61.7,29.0,12.8,139.2,257.0,2.01,50.7,72.1,18.3,23.4,30.1,34.5,10.7,1007.6,0.5,-0.866025,0.817401,-0.576069,0.433884,-0.900969,0,0,1,0,2015,2,0,0,0,0,0,0,405.8392,48.024,0.5416,279.792,21.9658,21.7021,0.0,114.49,0.0
422.0,435.7,35.22309848191603,-1.0357142857142858,-1.2117908787541714,-16.6667,1,260.3285714285714,443.4571428571429,19.36291251212928,393.0,395.0,429.0,446.0,241.2,244.0,395.6,3.67,68.6,17.0,8.0,275.1,455.3,3.86,58.1,14.8,13.9,26.1,13.6,72.0,10.8,1023.5,1.0,0.0,0.913808,0.406147,0.0,1.0,0,0,0,1,2016,1,0,0,0,0,0,0,405.8392,198.072,0.6042,1061.886,38.5847,2.0128,0.0,116.64,0.0
401.1428571428572,407.03333333333336,17.705258836745063,-1.4285714285714286,-1.174860956618465,-6.8095,1,242.12857142857143,397.5428571428571,30.34132024625305,383.0,381.0,404.0,387.0,228.9,226.5,362.7,2.92,63.1,14.1,4.0,190.4,326.8,2.71,69.5,29.1,12.3,27.3,21.0,60.2,9.2,1025.4,1.0,0.0,0.955979,0.293434,0.974928,-0.222521,0,0,0,1,2017,1,0,0,0,0,0,1,389.2033,114.6208,0.5826,515.984,32.0392,6.111,0.0,84.64,0.0
354.1428571428572,329.7333333333333,15.356090772374763,1.5,1.8451612903225807,0.5238,1,191.1,286.42857142857144,20.08930063491375,375.0,348.0,330.0,309.0,218.5,182.8,324.7,2.77,68.1,25.3,5.8,213.9,356.0,2.52,72.1,29.2,15.2,24.5,26.9,78.3,9.3,1020.0,-0.866025,0.5,-0.915546,0.402214,0.433884,-0.900969,0,0,0,0,2018,4,0,0,1,1,0,1,389.2033,167.4837,0.6008,539.028,34.5631,7.8548,0.0,86.49,213.9
211.28571428571428,169.66666666666666,45.017456931411736,10.642857142857142,3.233815350389321,34.0476,0,93.58571428571427,147.01428571428573,13.823100058883862,194.0,171.0,181.0,126.0,88.2,81.3,122.2,1.11,32.4,33.5,13.5,94.2,187.8,1.12,46.1,43.6,9.4,18.9,32.5,75.9,8.0,1014.5,-1.0,-0.0,-0.990692,-0.13612,-0.433884,-0.900969,0,1,0,0,2022,3,0,0,0,0,0,1,389.2033,71.4978,0.5016,105.504,20.8667,14.17,0.0,64.0,0.0
378.7142857142857,366.6,18.99749356901441,1.25,1.1759733036707454,1.9524,1,222.94285714285712,360.8142857142857,24.5415197262976,352.0,356.0,344.0,340.0,188.3,193.8,330.6,3.4,60.1,18.1,5.9,218.9,451.9,3.47,59.9,25.2,17.0,25.0,22.5,76.9,8.0,1024.8,-0.5,0.866025,-0.702148,0.712031,-0.433884,-0.900969,1,0,0,0,2018,4,0,0,0,1,0,0,405.8392,168.3341,0.4844,759.583,50.2111,5.67,352.0,64.0,218.9
274.7142857142857,295.93333333333334,25.26337458135918,-9.464285714285714,-1.870522803114572,-25.381,0,113.54285714285712,194.0428571428572,9.085860286330163,250.0,304.0,303.0,325.0,105.0,125.6,191.0,1.3,35.1,25.4,11.8,121.7,201.9,1.22,41.1,51.0,8.9,8.9,27.0,58.0,11.1,1008.8,0.866025,-0.5,0.937342,-0.348411,0.781831,0.62349,0,0,0,1,2020,2,0,1,0,0,0,1,389.2033,70.586,0.6028,148.474,16.686,13.77,0.0,123.21,0.0
314.7142857142857,281.7,9.75900072948416,2.142857142857143,3.441379310344828,2.2857,1,140.04285714285714,222.25714285714284,12.800892825999442,332.0,312.0,301.0,212.0,162.8,136.6,221.8,1.74,38.7,23.1,1.9,142.5,212.6,2.2,42.3,35.0,10.5,17.1,20.2,82.7,6.9,1024.4,-0.5,0.866025,-0.76072,0.64908,0.781831,0.62349,1,0,0,0,2020,4,0,1,0,1,0,1,389.2033,117.8475,0.6703,313.5,26.9114,7.07,332.0,47.61,142.5
85.42857142857143,110.86666666666666,10.87592360612145,1.5,-2.4756395995550613,1.2381,0,50.18571428571429,77.68571428571428,6.70458265452478,105.0,86.0,104.0,155.0,61.5,48.6,80.2,0.57,49.3,38.8,10.7,41.2,84.7,0.68,31.8,84.2,17.5,14.7,37.3,56.6,11.4,997.9,-0.5,-0.866025,-0.023651,-0.99972,-0.974928,-0.222521,0,1,0,0,2021,3,1,0,0,0,0,0,405.8392,23.3192,0.4864,28.016,6.8306,31.4066,0.0,129.96,0.0
359.42857142857144,346.3,15.79933693605693,2.0357142857142856,0.7214682981090099,8.2381,1,197.8,337.04285714285714,20.75628418897179,360.0,353.0,320.0,326.0,198.1,189.2,298.6,2.9,64.4,18.9,6.2,230.0,380.2,3.18,68.5,34.5,12.1,30.4,13.1,79.1,4.8,1029.6,-0.0,1.0,-0.497204,0.867634,-0.433884,-0.900969,1,0,0,0,2023,4,0,0,0,0,0,0,405.8392,181.93,0.6049,731.4,65.5517,4.5195,360.0,23.04,0.0
274.42857142857144,301.96666666666664,26.58230704094607,4.535714285714286,-1.3817575083426028,8.5714,0,113.0,208.22857142857143,8.673522928997112,301.0,274.0,317.0,312.0,121.7,112.4,187.2,1.67,44.9,26.3,9.8,121.8,244.9,1.74,39.3,63.1,13.9,18.6,33.9,75.2,7.5,1011.8,0.866025,-0.5,0.880683,-0.473706,-0.781831,0.62349,0,0,0,1,2023,2,1,0,0,0,0,1,389.2033,91.5936,0.4973,211.932,28.8118,21.3909,0.0,56.25,0.0
300.85714285714283,245.63333333333333,22.0032465137063,5.357142857142857,5.299443826473861,10.4762,1,128.24285714285713,194.9,11.45860042978785,316.0,307.0,269.0,191.0,141.2,129.9,197.9,2.0,65.6,34.5,7.8,131.3,200.3,1.81,55.7,30.0,15.9,26.9,33.4,74.1,7.6,1012.1,-1.0,-0.0,-0.996395,-0.084835,0.433884,-0.900969,0,1,0,0,2019,3,0,0,0,0,0,0,405.8392,97.2933,0.6555,237.653,23.2907,10.02,0.0,57.76,0.0
340.7142857142857,327.56666666666666,16.829678999853485,-3.4642857142857144,1.0017797552836485,-9.7143,1,173.55714285714285,311.3,21.89192066667671,326.0,327.0,317.0,308.0,154.7,155.4,316.0,2.53,70.8,22.5,6.6,177.0,302.6,2.6,60.1,23.9,14.1,27.5,24.1,74.7,9.6,1021.7,-0.5,0.866025,-0.851712,0.52401,-0.974928,-0.222521,1,0,0,0,2019,4,1,0,1,1,0,1,389.2033,132.219,0.5849,460.2,28.5472,5.7599,326.0,92.16,177.0
285.0,226.0,34.70830832332163,0.9642857142857144,5.272080088987765,3.0,0,121.82857142857142,177.74285714285716,17.736094486076976,305.0,323.0,262.0,122.0,126.6,151.0,203.2,1.33,67.7,34.5,7.4,130.4,177.1,1.41,51.2,32.2,16.5,24.7,32.8,81.8,7.9,1012.6,-1.0,-0.0,-0.988204,-0.153142,-0.781831,0.62349,0,1,0,0,2019,3,1,0,0,0,0,0,405.8392,106.6672,0.7363,183.864,19.8989,10.5616,0.0,62.41,0.0
421.0,439.4333333333333,15.726834816117204,-3.0357142857142856,-0.9755283648498332,-9.3333,1,256.92857142857144,438.8428571428572,16.89208042108533,410.0,423.0,457.0,451.0,238.7,234.5,440.1,2.88,60.0,16.9,4.2,211.1,421.0,3.78,75.4,18.2,17.6,33.9,15.7,71.3,5.9,1022.9,1.0,0.0,0.88372,0.468015,-0.974928,-0.222521,0,0,0,1,2017,1,1,0,0,0,0,0,405.8392,150.5143,0.5014,797.958,61.0145,2.8574,0.0,34.81,0.0
412.4285714285714,401.26666666666665,26.2224912550077,0.0714285714285714,1.0629588431590655,3.9048,1,246.90000000000003,424.5,31.11344832490653,447.0,436.0,377.0,382.0,269.0,264.2,477.8,3.44,62.4,15.3,4.6,260.0,390.0,3.65,67.9,31.9,14.3,28.0,15.5,78.1,3.2,1032.2,-0.0,1.0,-0.308812,0.951123,0.433884,-0.900969,1,0,0,0,2018,4,0,0,0,0,0,1,389.2033,203.06,0.6667,949.0,92.8571,4.9445,447.0,10.24,0.0
302.2857142857143,318.8666666666667,14.372592966181548,1.7142857142857142,-1.8189098998887647,-0.619,1,128.1,242.05714285714285,12.007636459076467,317.0,304.0,309.0,363.0,143.1,126.1,186.8,1.96,50.1,25.3,9.0,130.2,246.4,1.75,29.8,66.5,12.8,20.0,29.0,62.7,6.7,1011.0,0.866025,-0.5,0.918121,-0.396299,0.0,1.0,0,0,0,1,2022,2,0,0,0,0,0,0,405.8392,81.6354,0.5284,227.85,32.0,19.285,0.0,44.89,0.0
426.1428571428572,447.8333333333333,33.6324673067999,3.25,-1.3813125695216908,13.1905,1,263.54285714285714,446.1285714285714,30.291850231972017,381.0,417.0,429.0,495.0,226.2,276.9,378.4,3.6,81.3,10.7,5.6,232.2,449.7,4.05,72.2,34.1,18.8,33.0,13.9,79.5,7.3,1026.9,0.866025,0.5,0.779913,0.625889,0.781831,0.62349,1,0,0,0,2017,1,0,0,0,0,0,0,405.8392,184.599,0.5163,940.41,54.1807,4.7399,381.0,53.29,0.0
308.42857142857144,337.3666666666667,28.797321303996966,-3.0357142857142856,-2.4749721913236926,-15.7619,1,139.22857142857143,274.25714285714287,19.87147992187879,331.0,319.0,342.0,376.0,160.9,145.5,285.0,2.16,59.1,29.2,8.9,116.6,198.3,1.91,54.9,62.3,11.8,27.3,29.3,25.7,8.3,1006.9,0.5,-0.866025,0.855075,-0.518505,0.433884,-0.900969,0,0,1,0,2018,2,0,0,0,0,0,1,389.2033,29.9662,0.588,222.706,21.3226,18.2539,0.0,68.89,0.0
309.0,318.3,9.916316520429744,-1.0,-1.3203559510567298,1.6667,1,133.2,257.4857142857143,11.410813584782384,311.0,324.0,315.0,331.0,134.4,152.1,252.0,1.84,52.0,26.0,12.6,130.0,231.7,1.42,48.5,71.4,16.6,21.2,31.4,25.8,11.6,1007.1,0.5,-0.866025,0.807371,-0.590044,0.781831,0.62349,0,0,1,0,2018,2,0,0,0,0,0,0,405.8392,33.54,0.5611,184.6,18.3889,22.4196,0.0,134.56,0.0
325.2857142857143,340.7,10.40375390126604,-1.9285714285714288,-0.8585094549499444,-1.9524,1,153.58571428571426,260.9,13.487578059259654,327.0,342.0,344.0,349.0,155.2,175.2,271.7,2.12,49.1,21.7,7.5,143.5,269.6,1.88,47.3,51.1,10.0,25.7,24.2,66.9,7.7,1015.0,0.866025,-0.5,0.995218,-0.097683,0.974928,-0.222521,0,0,0,1,2021,2,0,1,0,0,0,1,389.2033,96.0015,0.5323,269.78,30.9885,12.3662,0.0,59.29,0.0
395.1428571428572,369.56666666666666,19.1957336529782,4.178571428571429,1.5802002224694105,14.5238,1,245.3857142857143,358.3285714285715,27.20848082071989,385.0,383.0,358.0,330.0,230.7,228.3,358.7,3.24,56.7,14.8,3.1,250.6,345.7,2.97,58.5,36.2,12.4,15.9,14.3,78.0,5.3,1032.0,-0.0,1.0,-0.209174,0.977879,0.0,1.0,1,0,0,0,2022,4,0,0,0,0,0,0,405.8392,195.468,0.7249,744.282,54.873,5.1766,385.0,28.09,0.0
194.42857142857144,247.8333333333333,32.25862749124348,-9.857142857142858,-4.4700778642936605,-21.7619,0,88.41428571428571,183.45714285714288,9.6832206369883,153.0,200.0,186.0,298.0,76.0,90.2,154.9,1.14,45.3,32.1,10.0,91.6,177.6,0.5,48.4,80.4,12.1,14.4,37.1,46.5,12.0,1000.6,0.0,-1.0,0.442168,-0.896932,0.0,1.0,0,0,1,0,2017,2,0,0,0,0,0,1,389.2033,42.594,0.5158,45.8,13.6615,29.8284,0.0,144.0,0.0
413.57142857142856,436.0,21.88498071628981,4.357142857142857,-1.6525027808676307,3.7619,1,264.6857142857143,419.3285714285715,29.81327604560484,420.0,410.0,438.0,463.0,249.1,265.3,450.8,3.59,82.1,16.7,3.6,282.1,426.6,3.84,61.1,26.8,17.4,32.3,18.9,67.4,7.6,1023.5,1.0,0.0,0.875539,0.483147,0.781831,0.62349,0,0,0,1,2015,1,0,0,0,0,0,0,405.8392,190.1354,0.6613,1083.264,49.6047,5.0652,0.0,57.76,0.0
82.85714285714286,81.53333333333333,8.008923594524443,1.1428571428571428,0.1334816462736373,3.4762,0,48.74285714285714,77.0,5.912657931025069,86.0,84.0,80.0,85.0,51.9,50.7,73.8,0.74,37.5,40.3,12.2,52.1,83.1,0.71,38.0,37.3,14.9,21.0,36.9,69.3,9.0,1001.8,-0.866025,-0.5,-0.626727,-0.779239,0.974928,-0.222521,0,1,0,0,2022,3,0,0,0,0,0,1,389.2033,36.1053,0.627,36.991,8.31,13.7637,0.0,81.0,0.0
392.8571428571428,378.6,27.150374898752155,3.2142857142857144,1.224916573971079,16.1429,1,242.8,366.9,37.138479595517005,423.0,424.0,360.0,370.0,284.7,286.9,400.0,3.52,72.9,20.1,3.2,259.2,355.5,3.61,67.5,25.4,13.8,32.7,19.1,82.0,6.1,1030.0,-0.5,0.866025,-0.61153,0.791221,0.433884,-0.900969,1,0,0,0,2017,4,0,0,0,1,0,1,389.2033,212.544,0.7291,935.712,50.0704,4.8514,423.0,37.21,259.2
350.1428571428572,335.96666666666664,17.63924196621978,1.8571428571428568,1.08587319243604,6.5238,1,185.77142857142857,302.11428571428576,23.048551240495417,381.0,368.0,361.0,324.0,226.0,209.1,283.8,2.63,44.5,21.7,0.8,216.7,335.1,2.88,63.1,40.1,15.3,21.9,18.6,76.8,6.1,1026.8,-0.5,0.866025,-0.702148,0.712031,0.974928,-0.222521,1,0,0,0,2022,4,0,0,0,1,0,0,405.8392,166.4256,0.6467,624.096,47.1972,7.4586,381.0,37.21,216.7
431.2857142857143,453.03333333333336,26.215226400666204,3.7142857142857135,-2.255172413793104,4.381,1,274.3428571428572,426.0285714285714,46.405346572094174,411.0,396.0,478.0,500.0,266.5,244.3,387.7,3.58,68.0,13.5,6.3,276.9,418.6,3.84,61.9,43.1,19.0,32.5,15.5,78.3,2.7,1024.8,0.866025,0.5,0.84945,0.527668,-0.781831,0.62349,1,0,0,0,2016,1,1,0,0,0,0,0,405.8392,216.8127,0.6615,1063.296,113.1351,6.6805,411.0,7.29,0.0
317.0,332.76666666666665,11.590225767143044,-0.1785714285714285,-1.360845383759733,-5.6667,1,142.78571428571428,272.5857142857143,14.965675012216504,320.0,313.0,319.0,343.0,147.2,136.9,275.7,1.92,43.8,21.4,6.0,140.3,241.5,1.83,48.7,44.2,9.5,18.1,26.7,66.3,11.2,1012.5,0.866025,-0.5,0.972408,-0.233289,0.433884,-0.900969,0,0,0,1,2021,2,0,1,0,0,0,1,389.2033,93.0189,0.581,256.749,19.7951,11.8014,0.0,125.44,0.0
293.0,319.3333333333333,22.16604009139771,5.0,-1.884315906562848,5.3333,0,122.74285714285712,250.05714285714288,12.552935532225048,302.0,252.0,316.0,331.0,123.1,105.6,284.0,2.18,48.4,25.3,10.8,143.1,186.8,1.96,50.1,50.4,11.6,13.3,25.3,58.3,9.0,1010.9,0.866025,-0.5,0.924803,-0.380447,-0.781831,0.62349,0,0,0,1,2022,2,1,0,0,0,0,0,405.8392,83.4273,0.7661,280.476,18.68,12.7512,0.0,81.0,0.0
295.42857142857144,230.6,16.36925108098569,1.1428571428571428,5.308120133481646,-3.0952,0,122.61428571428571,187.5,9.279624376636596,311.0,282.0,207.0,204.0,134.8,114.7,207.0,1.66,60.7,33.8,9.5,114.3,270.4,1.75,65.4,18.8,18.8,27.1,34.5,87.5,10.4,1009.5,-1.0,-0.0,-0.975336,-0.220724,-0.433884,-0.900969,0,1,0,0,2015,3,0,0,0,0,0,0,405.8392,100.0125,0.4227,200.025,23.7193,6.486,0.0,108.16,0.0
380.0,390.2,29.866369046134885,-3.5,-0.7777530589543937,-11.6667,1,215.95714285714283,392.5,26.11614169709797,405.0,369.0,377.0,382.0,252.1,210.9,435.9,3.3,56.5,17.7,4.5,232.4,421.8,3.24,53.5,24.2,12.3,25.1,17.0,80.1,2.4,1030.3,0.5,0.866025,0.238513,0.971139,-0.974928,-0.222521,1,0,0,0,2023,1,1,0,0,0,0,0,405.8392,186.1524,0.551,752.976,124.0588,4.114,405.0,5.76,0.0
117.71428571428572,163.06666666666666,10.719363875944094,-2.821428571428572,-3.695216907675195,-4.381,0,62.07142857142857,118.87142857142857,6.015456282414466,119.0,138.0,149.0,184.0,65.9,71.4,127.1,0.89,52.9,38.5,12.6,80.9,107.7,1.19,51.5,76.4,12.9,17.4,37.6,48.2,10.6,997.2,0.0,-1.0,0.215477,-0.976509,0.781831,0.62349,0,0,1,0,2018,2,0,0,0,0,0,0,405.8392,38.9938,0.7512,96.271,9.2845,28.7264,0.0,112.36,0.0
171.57142857142858,228.46666666666667,21.44650043602652,-4.0,-5.253392658509454,-11.9048,0,81.32857142857142,178.92857142857142,6.7076360181753545,160.0,171.0,184.0,303.0,78.1,81.5,164.9,0.97,50.5,36.7,13.2,80.7,166.0,0.95,55.4,85.4,16.0,20.8,32.9,44.1,13.4,1000.4,0.0,-1.0,0.472759,-0.881192,-0.781831,0.62349,0,0,1,0,2018,2,1,0,0,0,0,0,405.8392,35.5887,0.4861,76.665,11.5278,28.0966,0.0,179.56,0.0
81.14285714285714,108.23333333333332,10.12305242882758,-1.0,-2.677864293659621,-3.1429,0,47.48571428571428,73.0142857142857,6.328356440505332,78.0,70.0,104.0,163.0,46.9,42.1,74.5,0.38,36.3,36.8,13.4,52.9,68.1,0.9,34.6,88.5,13.3,14.7,36.5,62.0,9.1,999.3,0.0,-1.0,0.062318,-0.998056,0.974928,-0.222521,0,0,1,0,2023,2,0,0,0,0,0,0,405.8392,32.798,0.7768,47.61,6.7426,32.3025,0.0,82.81,0.0
356.0,343.6333333333333,15.513435037627284,-0.8928571428571429,1.3163515016685206,-5.3333,1,193.3428571428572,307.65714285714284,20.371128028235105,350.0,336.0,359.0,321.0,185.4,166.8,369.8,3.31,66.3,17.4,8.0,214.8,335.2,2.92,66.3,38.6,11.5,30.3,21.3,76.3,4.7,1027.1,-0.5,0.866025,-0.689796,0.724004,-0.781831,0.62349,1,0,0,0,2019,4,1,0,0,1,0,1,389.2033,163.8924,0.6408,627.216,58.807,8.2218,350.0,22.09,214.8
329.42857142857144,306.96666666666664,9.198861213158974,-0.8928571428571429,2.223136818687431,-2.7619,1,158.92857142857142,257.8428571428572,12.087281785097478,341.0,335.0,323.0,252.0,174.4,166.0,291.5,2.41,47.8,31.8,10.3,173.6,285.1,2.38,66.1,31.3,13.9,30.7,26.4,62.3,5.7,1017.4,-0.866025,0.5,-0.978548,0.206018,0.974928,-0.222521,0,0,0,0,2016,4,0,0,0,1,0,1,389.2033,108.1528,0.6089,413.168,42.5522,8.2632,0.0,32.49,173.6
337.0,341.3333333333333,15.937377450509276,4.642857142857143,-0.321690767519466,10.3333,1,168.70000000000002,283.68571428571425,20.743352348802134,340.0,335.0,336.0,332.0,172.9,166.2,254.3,2.42,37.4,11.9,4.3,198.4,266.1,1.89,45.4,33.4,7.5,22.5,12.8,71.4,5.0,1033.4,0.866025,0.5,0.661263,0.750154,0.781831,0.62349,1,0,0,0,2020,1,0,0,0,0,0,1,389.2033,141.6576,0.7456,374.976,44.35,4.2752,340.0,25.0,0.0
433.4285714285714,447.9666666666666,30.506049361053734,4.035714285714286,-0.6551724137931033,7.2381,1,258.24285714285713,446.9428571428571,26.285284675578428,437.0,398.0,423.0,386.0,209.3,248.1,467.5,3.32,81.0,13.9,4.5,231.1,331.5,3.33,82.7,25.0,16.0,31.1,11.8,68.8,3.3,1026.4,0.866025,0.5,0.80098,0.598691,0.0,1.0,1,0,0,0,2015,1,0,0,0,0,0,0,405.8392,158.9968,0.6971,769.563,77.093,2.95,437.0,10.89,0.0
286.7142857142857,304.53333333333336,20.84637686916849,-4.071428571428571,-1.395328142380423,-7.0476,0,117.71428571428572,207.57142857142856,8.339350208776393,278.0,300.0,275.0,328.0,113.4,120.3,190.0,1.12,27.7,24.1,7.6,117.5,184.1,1.84,29.0,60.0,11.6,9.9,27.4,58.8,9.6,1015.1,0.866025,-0.5,0.963807,-0.266599,0.433884,-0.900969,0,0,0,1,2020,2,0,1,0,0,0,1,389.2033,69.09,0.6382,216.2,17.3679,16.44,0.0,92.16,0.0
100.0,112.4,8.205689083396877,1.75,-1.302780867630701,1.3333,0,57.74285714285714,92.95714285714288,3.885381638430881,106.0,91.0,97.0,150.0,61.9,54.7,94.0,0.88,51.6,39.2,10.4,48.1,100.1,0.56,50.8,31.7,20.1,19.6,41.1,63.0,14.0,996.6,-0.5,-0.866025,-0.310857,-0.950457,0.781831,0.62349,0,1,0,0,2016,3,0,0,0,0,0,0,405.8392,30.303,0.4805,26.936,6.6733,13.0287,0.0,196.0,0.0
419.8571428571428,425.3333333333333,24.09999012052643,-4.035714285714286,-1.0091212458286984,0.1429,1,272.3142857142857,383.8428571428572,22.82304599678622,417.0,463.0,428.0,449.0,275.7,286.7,249.9,3.07,63.1,15.0,9.9,303.1,443.8,3.57,65.9,23.9,12.6,36.2,19.0,71.1,2.4,1027.8,1.0,0.0,0.858402,0.512978,0.433884,-0.900969,0,0,0,1,2018,1,0,0,0,0,0,1,389.2033,215.5041,0.683,1082.067,130.5294,4.541,0.0,5.76,0.0
122.57142857142856,139.73333333333332,10.047506205659024,1.0714285714285714,-1.7410456062291433,6.4286,0,53.642857142857146,134.5142857142857,5.725340497246408,123.0,132.0,132.0,162.0,53.3,63.5,134.8,0.54,30.5,35.8,10.3,53.2,139.3,0.85,29.3,80.9,10.1,16.0,35.4,43.8,8.3,1000.3,0.0,-1.0,0.442168,-0.896932,0.433884,-0.900969,0,0,1,0,2020,2,0,1,0,0,0,0,405.8392,23.3016,0.3819,45.22,14.9785,28.6386,0.0,68.89,0.0
203.57142857142856,150.53333333333333,47.36333723763399,15.035714285714286,4.091212458286986,42.0952,0,91.15714285714286,132.45714285714286,14.187066544662546,223.0,156.0,113.0,103.0,97.1,76.8,142.7,1.17,43.8,33.0,9.4,104.6,162.7,1.16,50.1,31.1,11.6,18.5,30.9,76.7,7.3,1011.2,-1.0,-0.0,-0.982352,-0.187043,0.974928,-0.222521,0,1,0,0,2023,3,0,0,0,0,0,1,389.2033,80.2282,0.6429,121.336,19.6024,9.6099,0.0,53.29,0.0
334.0,359.6666666666667,21.924111536539574,-7.392857142857143,-1.7348164627363738,-11.0,1,164.9,315.1,28.671588724728807,320.0,361.0,357.0,379.0,147.1,200.3,307.8,2.09,54.0,24.3,9.3,207.1,258.1,2.21,59.3,51.6,11.7,28.0,24.1,66.3,8.8,1013.2,0.866025,-0.5,0.968251,-0.249981,0.433884,-0.900969,0,0,0,1,2015,2,0,0,0,0,0,1,389.2033,137.3073,0.8024,457.691,26.3367,12.4356,0.0,77.44,0.0
249.28571428571428,288.76666666666665,29.02708095161322,-8.571428571428571,-2.8162402669632924,-20.9524,0,104.87142857142858,185.2,8.694771280423408,246.0,280.0,308.0,314.0,104.0,114.1,215.6,1.32,37.5,27.7,8.5,120.9,176.8,1.48,48.7,69.4,11.1,19.7,30.2,34.9,7.2,1008.5,0.5,-0.866025,0.786597,-0.617467,0.781831,0.62349,0,0,1,0,2022,2,0,0,0,0,0,1,389.2033,42.1941,0.6838,178.932,21.561,20.9588,0.0,51.84,0.0
435.2857142857143,413.5,22.81603446200357,5.107142857142857,1.843604004449388,14.381,1,260.2,457.8571428571428,47.98989476963006,426.0,420.0,464.0,355.0,285.5,280.5,456.2,4.02,76.6,13.5,5.1,237.6,437.9,4.14,62.5,38.4,14.9,26.3,16.0,71.1,7.4,1034.3,-0.0,1.0,-0.225964,0.974136,0.974928,-0.222521,1,0,0,0,2019,4,0,0,0,0,0,0,405.8392,168.9336,0.5426,983.664,52.131,6.144,426.0,54.76,0.0
156.57142857142858,131.9,21.298334386021526,6.357142857142857,2.02825361512792,9.0952,0,77.04285714285713,111.3142857142857,6.345564630197418,169.0,130.0,172.0,126.0,80.7,69.2,121.7,1.09,57.2,41.4,10.7,64.1,132.4,1.15,56.8,28.7,10.7,27.0,40.1,72.6,10.3,1004.1,-0.866025,-0.5,-0.762114,-0.647443,0.0,1.0,0,1,0,0,2017,3,0,0,0,0,0,1,389.2033,46.5366,0.4841,73.715,11.7168,11.5087,0.0,106.09,0.0
365.57142857142856,376.23333333333335,20.4683262860546,-2.571428571428572,-0.9804226918798664,3.4286,1,201.62857142857143,329.2857142857143,23.874862253402547,337.0,380.0,392.0,442.0,168.6,224.6,289.3,2.5,51.7,14.7,2.4,155.6,309.2,3.0,48.9,23.3,10.5,23.8,18.6,70.6,3.2,1027.3,1.0,0.0,0.875539,0.483147,0.974928,-0.222521,0,0,0,1,2021,1,0,1,0,0,0,1,389.2033,109.8536,0.5032,466.8,73.619,4.3338,0.0,10.24,0.0
380.4285714285714,404.26666666666665,8.521681032459439,1.8571428571428568,-1.9007786429365965,4.2381,1,216.2714285714285,358.6714285714285,21.500055370913373,391.0,371.0,385.0,412.0,238.7,213.4,295.6,2.92,60.5,18.6,5.3,219.0,398.7,2.95,70.6,29.1,16.1,33.4,14.8,63.7,8.0,1022.3,1.0,0.0,0.981125,0.193376,0.974928,-0.222521,0,0,0,1,2018,1,0,0,0,0,0,1,389.2033,139.503,0.5493,646.05,44.3,4.3068,0.0,64.0,0.0
463.4285714285714,471.6333333333333,21.274845419394705,-0.3214285714285714,-0.0949944382647385,5.9048,1,310.5285714285714,494.5,28.79373278369835,466.0,482.0,478.0,429.0,350.3,283.8,439.9,4.48,72.7,11.5,1.7,353.0,415.4,4.37,77.0,26.5,17.9,25.7,13.2,77.7,2.1,1032.1,0.5,0.866025,0.288291,0.957543,-0.781831,0.62349,1,0,0,0,2016,1,1,0,0,0,0,0,405.8392,274.281,0.8498,1542.61,134.0,3.498,466.0,4.41,0.0
434.57142857142856,467.4,46.05741758159926,-10.75,-1.6996662958843158,-5.2381,1,244.3428571428572,470.1857142857143,39.736207550245496,380.0,500.0,478.0,468.0,224.0,278.2,412.2,4.03,74.5,14.7,1.6,297.4,523.9,4.3,68.1,21.7,16.6,27.1,11.1,81.2,3.9,1029.9,0.866025,0.5,0.723262,0.690574,0.781831,0.62349,1,0,0,0,2016,1,0,0,0,0,0,0,405.8392,241.4888,0.5677,1278.82,106.9184,2.4087,380.0,15.21,0.0
372.0,352.9,13.127579111676106,1.1428571428571428,1.089432703003337,4.3333,1,214.1,352.8428571428572,16.988035005066553,360.0,369.0,350.0,349.0,198.7,210.4,385.1,3.07,64.1,17.4,7.7,210.4,378.7,3.09,52.7,32.6,13.7,23.2,16.6,82.6,2.8,1027.9,-0.0,1.0,-0.420831,0.907139,0.974928,-0.222521,1,0,0,0,2023,4,0,0,0,0,0,0,405.8392,173.7904,0.5556,650.136,99.6579,5.4116,360.0,7.84,0.0
146.0,118.76666666666668,23.273733406276623,2.1785714285714284,1.6620689655172411,12.0,0,73.89999999999999,121.7285714285714,7.007614905701079,140.0,159.0,110.0,107.0,72.0,77.8,134.3,1.47,54.0,37.7,8.3,81.8,126.3,1.15,55.3,26.2,16.7,26.6,43.0,72.6,12.3,1004.4,-0.866025,-0.5,-0.762114,-0.647443,-0.974928,-0.222521,0,1,0,0,2016,3,1,0,0,0,0,1,389.2033,59.3868,0.6477,94.07,9.4962,11.266,0.0,151.29,0.0
440.57142857142856,459.0,42.649177963383366,0.0714285714285714,-0.2117908787541713,7.7619,1,265.4428571428572,462.1714285714285,21.39305628335853,433.0,500.0,500.0,481.0,300.2,253.2,461.8,4.03,54.6,12.3,2.8,262.8,529.1,3.54,67.6,39.9,15.1,30.7,15.1,76.3,7.6,1031.0,0.5,0.866025,0.154204,0.988039,0.781831,0.62349,1,0,0,0,2018,1,0,0,0,0,0,0,405.8392,200.5164,0.4967,930.312,61.5233,6.0249,433.0,57.76,0.0
354.42857142857144,374.6666666666667,9.034326074419774,-1.2857142857142858,-1.899888765294772,-5.0952,1,190.88571428571427,319.38571428571424,11.936977363275496,359.0,358.0,359.0,381.0,196.9,195.6,343.4,2.47,53.6,19.3,6.1,203.3,322.2,2.45,60.1,50.8,10.0,26.0,22.3,69.6,5.0,1015.1,0.866025,-0.5,0.995218,-0.097683,-0.433884,-0.900969,0,0,0,1,2017,2,0,0,0,0,0,1,389.2033,141.4968,0.631,498.085,53.7,11.3284,0.0,25.0,0.0
